{
  "version": 1,
  "author": "Anonymous maker",
  "editor": "wokwi",
  "parts": [
    { "type": "wokwi-arduino-mega", "id": "mega", "top": -57, "left": 726, "attrs": {} },
    { "type": "wokwi-lcd1602", "id": "lcd1", "top": -332.57, "left": 803.2, "attrs": {} },
    {
      "type": "wokwi-led",
      "id": "led1",
      "top": 140.4,
      "left": 675.8,
      "attrs": { "color": "red" }
    },
    {
      "type": "wokwi-led",
      "id": "led2",
      "top": 188.4,
      "left": 675.8,
      "attrs": { "color": "blue" }
    },
    {
      "type": "wokwi-led",
      "id": "led3",
      "top": 236.4,
      "left": 675.8,
      "attrs": { "color": "limegreen" }
    },
    { "type": "wokwi-potentiometer", "id": "pot1", "top": -164.5, "left": 1017.4, "attrs": {} },
    {
      "type": "wokwi-membrane-keypad",
      "id": "keypad1",
      "top": -357.2,
      "left": 1186.4,
      "attrs": {}
    },
    {
      "type": "wokwi-dht22",
      "id": "dht1",
      "top": -556.5,
      "left": 887.4,
      "attrs": { "temperature": "13.5", "humidity": "67" }
    },
    {
      "type": "wokwi-photoresistor-sensor",
      "id": "ldr1",
      "top": -476.8,
      "left": 989.6,
      "attrs": {}
    }
  ],
  "connections": [
    [ "lcd1:RS", "mega:12", "red", [ "v115.2", "h125.1" ] ],
    [ "lcd1:E", "mega:11", "yellow", [ "v124.8", "h-9.6" ] ],
    [ "lcd1:D4", "mega:5", "purple", [ "v0" ] ],
    [ "lcd1:D5", "mega:4", "violet", [ "v0" ] ],
    [ "lcd1:D6", "mega:3", "orange", [ "v0" ] ],
    [ "mega:2", "lcd1:D7", "cyan", [ "v0" ] ],
    [ "keypad1:R1", "mega:24", "white", [ "v0" ] ],
    [ "keypad1:R2", "mega:26", "green", [ "v0" ] ],
    [ "keypad1:R3", "mega:28", "gold", [ "v0" ] ],
    [ "keypad1:R4", "mega:30", "magenta", [ "v0" ] ],
    [ "keypad1:C1", "mega:32", "gray", [ "v0" ] ],
    [ "keypad1:C2", "mega:34", "red", [ "v0" ] ],
    [ "keypad1:C3", "mega:36", "blue", [ "v0" ] ],
    [ "keypad1:C4", "mega:38", "purple", [ "v0" ] ],
    [ "led3:A", "mega:13", "red", [ "v9.6", "h76.8" ] ],
    [ "led2:A", "mega:6", "red", [ "v0", "h105.6" ] ],
    [ "led1:A", "mega:8", "red", [ "v19.2", "h249.6" ] ],
    [ "led1:C", "mega:GND.1", "black", [ "v0", "h-66.8", "v-288", "h201.6" ] ],
    [ "led2:C", "mega:GND.1", "black", [ "v9.6", "h-66.8", "v-355.2", "h220.8" ] ],
    [ "led3:C", "mega:GND.1", "black", [ "v0", "h-57.2", "v-374.4", "h211.2" ] ],
    [ "lcd1:K", "mega:GND.1", "black", [ "v86.4", "h-124.8" ] ],
    [ "dht1:GND", "mega:GND.1", "black", [ "v48", "h-172.8", "v182.4" ] ],
    [ "pot1:VCC", "mega:5V", "red", [ "v0", "h104.8", "v249.6", "h-278.4" ] ],
    [ "pot1:GND", "mega:GND.1", "black", [ "v0" ] ],
    [ "dht1:SDA", "mega:7", "green", [ "v76.8", "h9.7" ] ],
    [ "lcd1:VSS", "pot1:SIG", "green", [ "v124.8", "h220.8" ] ],
    [ "dht1:VCC", "mega:5V", "red", [ "v374.4", "h-19.2" ] ],
    [ "mega:A0", "ldr1:AO", "green", [ "v35.7", "h246.3", "v-595.2" ] ],
    [ "ldr1:VCC", "mega:5V", "red", [ "h-48", "v604.8", "h-220.8" ] ],
    [ "ldr1:GND", "mega:GND.1", "black", [ "h38.4", "v383.6", "h-345.6" ] ]
  ],
  "dependencies": {}
}